HOSTNAME,OSS_ID,PROCESS,PID,TIME,DATE_ID,YEAR_ID,MONTH_ID,DAY_ID,HOUR_ID,DATETIME_ID,MIN_ID,TIMELEVEL,SESSION_ID,BATCH_ID,PERIOD_DURATION,ROWSTATUS,DC_RELEASE,DC_SOURCE,DC_TIMEZONE,DC_SUSPECTFLAG,UTC_DATETIME_ID,NLWP,CPU,SIZE,OFILES,RSS
HOSTNAME,OSS_ID,PROCESS_NAME,PROCESS_ID,PROCESS_TIME,DATE_ID,YEAR_ID,MONTH_ID,DAY_ID,HOUR_ID,DATETIME_ID,MIN_ID,TIMELEVEL,SESSION_ID,BATCH_ID,PERIOD_DURATION,ROWSTATUS,DC_RELEASE,DC_SOURCE,DC_TIMEZONE,DC_SUSPECTFLAG,UTC_DATETIME_ID,NLWP,CPU_USAGE,MEMORY_USED,FILE_DESCRIPTORS,RSS
eniqs,eniq_oss_1,/usr/lib/systemd/systemd,1,00:03:23,2022-09-18,2022,9,18,1,2022-09-18 01:00:00.0,0,15MIN,13,19,15,LOADED,,eniq_oss_1,+0100,0,2022-09-18 00:00:00.0,1,0.30000000,190.00000000,67,7.00000000
eniqs,eniq_oss_1,[kthreadd],2,00:00:00,2022-09-18,2022,9,18,1,2022-09-18 01:00:00.0,0,15MIN,13,19,15,LOADED,,eniq_oss_1,+0100,0,2022-09-18 00:00:00.0,1,0E-8,0E-8,0,0E-8
eniqs,eniq_oss_1,[kworker/0:0H],4,00:00:02,2022-09-18,2022,9,18,1,2022-09-18 01:00:00.0,0,15MIN,13,19,15,LOADED,,eniq_oss_1,+0100,0,2022-09-18 00:00:00.0,1,0E-8,0E-8,0,0E-8
eniqs,eniq_oss_1,[ksoftirqd/0],6,00:00:01,2022-09-18,2022,9,18,1,2022-09-18 01:00:00.0,0,15MIN,13,19,15,LOADED,,eniq_oss_1,+0100,0,2022-09-18 00:00:00.0,1,0E-8,0E-8,0,0E-8
eniqs,eniq_oss_1,[migration/0],7,00:00:06,2022-09-18,2022,9,18,1,2022-09-18 01:00:00.0,0,15MIN,13,19,15,LOADED,,eniq_oss_1,+0100,0,2022-09-18 00:00:00.0,1,0E-8,0E-8,0,0E-8
eniqs,eniq_oss_1,[rcu_bh],8,00:00:00,2022-09-18,2022,9,18,1,2022-09-18 01:00:00.0,0,15MIN,13,19,15,LOADED,,eniq_oss_1,+0100,0,2022-09-18 00:00:00.0,1,0E-8,0E-8,0,0E-8
eniqs,eniq_oss_1,[rcu_sched],9,00:00:25,2022-09-18,2022,9,18,1,2022-09-18 01:00:00.0,0,15MIN,13,19,15,LOADED,,eniq_oss_1,+0100,0,2022-09-18 00:00:00.0,1,0E-8,0E-8,0,0E-8
eniqs,eniq_oss_1,[lru-add-drain],10,00:00:00,2022-09-18,2022,9,18,1,2022-09-18 01:00:00.0,0,15MIN,13,19,15,LOADED,,eniq_oss_1,+0100,0,2022-09-18 00:00:00.0,1,0E-8,0E-8,0,0E-8
eniqs,eniq_oss_1,[watchdog/0],11,00:00:00,2022-09-18,2022,9,18,1,2022-09-18 01:00:00.0,0,15MIN,13,19,15,LOADED,,eniq_oss_1,+0100,0,2022-09-18 00:00:00.0,1,0E-8,0E-8,0,0E-8
eniqs,eniq_oss_1,[watchdog/1],12,00:00:01,2022-09-18,2022,9,18,1,2022-09-18 01:00:00.0,0,15MIN,13,19,15,LOADED,,eniq_oss_1,+0100,0,2022-09-18 00:00:00.0,1,0E-8,0E-8,0,0E-8
eniqs,eniq_oss_1,[migration/1],13,00:00:06,2022-09-18,2022,9,18,1,2022-09-18 01:00:00.0,0,15MIN,13,19,15,LOADED,,eniq_oss_1,+0100,0,2022-09-18 00:00:00.0,1,0E-8,0E-8,0,0E-8
eniqs,eniq_oss_1,[ksoftirqd/1],14,00:00:01,2022-09-18,2022,9,18,1,2022-09-18 01:00:00.0,0,15MIN,13,19,15,LOADED,,eniq_oss_1,+0100,0,2022-09-18 00:00:00.0,1,0E-8,0E-8,0,0E-8
eniqs,eniq_oss_1,[kworker/1:0H],16,00:00:00,2022-09-18,2022,9,18,1,2022-09-18 01:00:00.0,0,15MIN,13,19,15,LOADED,,eniq_oss_1,+0100,0,2022-09-18 00:00:00.0,1,0E-8,0E-8,0,0E-8
eniqs,eniq_oss_1,[watchdog/2],17,00:00:02,2022-09-18,2022,9,18,1,2022-09-18 01:00:00.0,0,15MIN,13,19,15,LOADED,,eniq_oss_1,+0100,0,2022-09-18 00:00:00.0,1,0E-8,0E-8,0,0E-8
eniqs,eniq_oss_1,[migration/2],18,00:00:04,2022-09-18,2022,9,18,1,2022-09-18 01:00:00.0,0,15MIN,13,19,15,LOADED,,eniq_oss_1,+0100,0,2022-09-18 00:00:00.0,1,0E-8,0E-8,0,0E-8
eniqs,eniq_oss_1,[ksoftirqd/2],19,00:00:01,2022-09-18,2022,9,18,1,2022-09-18 01:00:00.0,0,15MIN,13,19,15,LOADED,,eniq_oss_1,+0100,0,2022-09-18 00:00:00.0,1,0E-8,0E-8,0,0E-8
eniqs,eniq_oss_1,[kworker/2:0H],21,00:00:00,2022-09-18,2022,9,18,1,2022-09-18 01:00:00.0,0,15MIN,13,19,15,LOADED,,eniq_oss_1,+0100,0,2022-09-18 00:00:00.0,1,0E-8,0E-8,0,0E-8
eniqs,eniq_oss_1,[watchdog/3],22,00:00:01,2022-09-18,2022,9,18,1,2022-09-18 01:00:00.0,0,15MIN,13,19,15,LOADED,,eniq_oss_1,+0100,0,2022-09-18 00:00:00.0,1,0E-8,0E-8,0,0E-8
eniqs,eniq_oss_1,[migration/3],23,00:00:04,2022-09-18,2022,9,18,1,2022-09-18 01:00:00.0,0,15MIN,13,19,15,LOADED,,eniq_oss_1,+0100,0,2022-09-18 00:00:00.0,1,0E-8,0E-8,0,0E-8
eniqs,eniq_oss_1,[ksoftirqd/3],24,00:00:01,2022-09-18,2022,9,18,1,2022-09-18 01:00:00.0,0,15MIN,13,19,15,LOADED,,eniq_oss_1,+0100,0,2022-09-18 00:00:00.0,1,0E-8,0E-8,0,0E-8
eniqs,eniq_oss_1,[kworker/3:0H],26,00:00:00,2022-09-18,2022,9,18,1,2022-09-18 01:00:00.0,0,15MIN,13,19,15,LOADED,,eniq_oss_1,+0100,0,2022-09-18 00:00:00.0,1,0E-8,0E-8,0,0E-8
eniqs,eniq_oss_1,[watchdog/4],27,00:00:06,2022-09-18,2022,9,18,1,2022-09-18 01:00:00.0,0,15MIN,13,19,15,LOADED,,eniq_oss_1,+0100,0,2022-09-18 00:00:00.0,1,0E-8,0E-8,0,0E-8
eniqs,eniq_oss_1,[migration/4],28,00:00:07,2022-09-18,2022,9,18,1,2022-09-18 01:00:00.0,0,15MIN,13,19,15,LOADED,,eniq_oss_1,+0100,0,2022-09-18 00:00:00.0,1,0E-8,0E-8,0,0E-8
eniqs,eniq_oss_1,[ksoftirqd/4],29,00:00:01,2022-09-18,2022,9,18,1,2022-09-18 01:00:00.0,0,15MIN,13,19,15,LOADED,,eniq_oss_1,+0100,0,2022-09-18 00:00:00.0,1,0E-8,0E-8,0,0E-8
eniqs,eniq_oss_1,[kworker/4:0H],31,00:00:00,2022-09-18,2022,9,18,1,2022-09-18 01:00:00.0,0,15MIN,13,19,15,LOADED,,eniq_oss_1,+0100,0,2022-09-18 00:00:00.0,1,0E-8,0E-8,0,0E-8
eniqs,eniq_oss_1,[watchdog/5],32,00:00:02,2022-09-18,2022,9,18,1,2022-09-18 01:00:00.0,0,15MIN,13,19,15,LOADED,,eniq_oss_1,+0100,0,2022-09-18 00:00:00.0,1,0E-8,0E-8,0,0E-8
eniqs,eniq_oss_1,[migration/5],33,00:00:05,2022-09-18,2022,9,18,1,2022-09-18 01:00:00.0,0,15MIN,13,19,15,LOADED,,eniq_oss_1,+0100,0,2022-09-18 00:00:00.0,1,0E-8,0E-8,0,0E-8
eniqs,eniq_oss_1,[ksoftirqd/5],34,00:00:01,2022-09-18,2022,9,18,1,2022-09-18 01:00:00.0,0,15MIN,13,19,15,LOADED,,eniq_oss_1,+0100,0,2022-09-18 00:00:00.0,1,0E-8,0E-8,0,0E-8
eniqs,eniq_oss_1,[kworker/5:0H],36,00:00:00,2022-09-18,2022,9,18,1,2022-09-18 01:00:00.0,0,15MIN,13,19,15,LOADED,,eniq_oss_1,+0100,0,2022-09-18 00:00:00.0,1,0E-8,0E-8,0,0E-8
eniqs,eniq_oss_1,[kdevtmpfs],38,00:00:00,2022-09-18,2022,9,18,1,2022-09-18 01:00:00.0,0,15MIN,13,19,15,LOADED,,eniq_oss_1,+0100,0,2022-09-18 00:00:00.0,1,0E-8,0E-8,0,0E-8
eniqs,eniq_oss_1,[netns],39,00:00:00,2022-09-18,2022,9,18,1,2022-09-18 01:00:00.0,0,15MIN,13,19,15,LOADED,,eniq_oss_1,+0100,0,2022-09-18 00:00:00.0,1,0E-8,0E-8,0,0E-8
eniqs,eniq_oss_1,[khungtaskd],40,00:00:00,2022-09-18,2022,9,18,1,2022-09-18 01:00:00.0,0,15MIN,13,19,15,LOADED,,eniq_oss_1,+0100,0,2022-09-18 00:00:00.0,1,0E-8,0E-8,0,0E-8
eniqs,eniq_oss_1,[writeback],41,00:00:00,2022-09-18,2022,9,18,1,2022-09-18 01:00:00.0,0,15MIN,13,19,15,LOADED,,eniq_oss_1,+0100,0,2022-09-18 00:00:00.0,1,0E-8,0E-8,0,0E-8
eniqs,eniq_oss_1,[kintegrityd],42,00:00:00,2022-09-18,2022,9,18,1,2022-09-18 01:00:00.0,0,15MIN,13,19,15,LOADED,,eniq_oss_1,+0100,0,2022-09-18 00:00:00.0,1,0E-8,0E-8,0,0E-8
eniqs,eniq_oss_1,[bioset],43,00:00:00,2022-09-18,2022,9,18,1,2022-09-18 01:00:00.0,0,15MIN,13,19,15,LOADED,,eniq_oss_1,+0100,0,2022-09-18 00:00:00.0,1,0E-8,0E-8,0,0E-8
eniqs,eniq_oss_1,[bioset],44,00:00:00,2022-09-18,2022,9,18,1,2022-09-18 01:00:00.0,0,15MIN,13,19,15,LOADED,,eniq_oss_1,+0100,0,2022-09-18 00:00:00.0,1,0E-8,0E-8,0,0E-8
eniqs,eniq_oss_1,[bioset],45,00:00:00,2022-09-18,2022,9,18,1,2022-09-18 01:00:00.0,0,15MIN,13,19,15,LOADED,,eniq_oss_1,+0100,0,2022-09-18 00:00:00.0,1,0E-8,0E-8,0,0E-8
eniqs,eniq_oss_1,[kblockd],46,00:00:00,2022-09-18,2022,9,18,1,2022-09-18 01:00:00.0,0,15MIN,13,19,15,LOADED,,eniq_oss_1,+0100,0,2022-09-18 00:00:00.0,1,0E-8,0E-8,0,0E-8
eniqs,eniq_oss_1,[md],47,00:00:00,2022-09-18,2022,9,18,1,2022-09-18 01:00:00.0,0,15MIN,13,19,15,LOADED,,eniq_oss_1,+0100,0,2022-09-18 00:00:00.0,1,0E-8,0E-8,0,0E-8
eniqs,eniq_oss_1,[edac-poller],48,00:00:00,2022-09-18,2022,9,18,1,2022-09-18 01:00:00.0,0,15MIN,13,19,15,LOADED,,eniq_oss_1,+0100,0,2022-09-18 00:00:00.0,1,0E-8,0E-8,0,0E-8
eniqs,eniq_oss_1,[watchdogd],49,00:00:00,2022-09-18,2022,9,18,1,2022-09-18 01:00:00.0,0,15MIN,13,19,15,LOADED,,eniq_oss_1,+0100,0,2022-09-18 00:00:00.0,1,0E-8,0E-8,0,0E-8
eniqs,eniq_oss_1,[kswapd0],55,00:00:00,2022-09-18,2022,9,18,1,2022-09-18 01:00:00.0,0,15MIN,13,19,15,LOADED,,eniq_oss_1,+0100,0,2022-09-18 00:00:00.0,1,0E-8,0E-8,0,0E-8
eniqs,eniq_oss_1,[ksmd],56,00:00:00,2022-09-18,2022,9,18,1,2022-09-18 01:00:00.0,0,15MIN,13,19,15,LOADED,,eniq_oss_1,+0100,0,2022-09-18 00:00:00.0,1,0E-8,0E-8,0,0E-8
eniqs,eniq_oss_1,[khugepaged],57,00:00:00,2022-09-18,2022,9,18,1,2022-09-18 01:00:00.0,0,15MIN,13,19,15,LOADED,,eniq_oss_1,+0100,0,2022-09-18 00:00:00.0,1,0E-8,0E-8,0,0E-8
eniqs,eniq_oss_1,[crypto],58,00:00:00,2022-09-18,2022,9,18,1,2022-09-18 01:00:00.0,0,15MIN,13,19,15,LOADED,,eniq_oss_1,+0100,0,2022-09-18 00:00:00.0,1,0E-8,0E-8,0,0E-8
eniqs,eniq_oss_1,[kthrotld],66,00:00:00,2022-09-18,2022,9,18,1,2022-09-18 01:00:00.0,0,15MIN,13,19,15,LOADED,,eniq_oss_1,+0100,0,2022-09-18 00:00:00.0,1,0E-8,0E-8,0,0E-8
eniqs,eniq_oss_1,[kmpath_rdacd],68,00:00:00,2022-09-18,2022,9,18,1,2022-09-18 01:00:00.0,0,15MIN,13,19,15,LOADED,,eniq_oss_1,+0100,0,2022-09-18 00:00:00.0,1,0E-8,0E-8,0,0E-8
eniqs,eniq_oss_1,[kaluad],69,00:00:00,2022-09-18,2022,9,18,1,2022-09-18 01:00:00.0,0,15MIN,13,19,15,LOADED,,eniq_oss_1,+0100,0,2022-09-18 00:00:00.0,1,0E-8,0E-8,0,0E-8
eniqs,eniq_oss_1,[kpsmoused],71,00:00:00,2022-09-18,2022,9,18,1,2022-09-18 01:00:00.0,0,15MIN,13,19,15,LOADED,,eniq_oss_1,+0100,0,2022-09-18 00:00:00.0,1,0E-8,0E-8,0,0E-8
eniqs,eniq_oss_1,[ipv6_addrconf],73,00:00:00,2022-09-18,2022,9,18,1,2022-09-18 01:00:00.0,0,15MIN,13,19,15,LOADED,,eniq_oss_1,+0100,0,2022-09-18 00:00:00.0,1,0E-8,0E-8,0,0E-8
eniqs,eniq_oss_1,[deferwq],86,00:00:00,2022-09-18,2022,9,18,1,2022-09-18 01:00:00.0,0,15MIN,13,19,15,LOADED,,eniq_oss_1,+0100,0,2022-09-18 00:00:00.0,1,0E-8,0E-8,0,0E-8
eniqs,eniq_oss_1,[kauditd],123,00:00:02,2022-09-18,2022,9,18,1,2022-09-18 01:00:00.0,0,15MIN,13,19,15,LOADED,,eniq_oss_1,+0100,0,2022-09-18 00:00:00.0,1,0E-8,0E-8,0,0E-8
eniqs,eniq_oss_1,[kmpathd],296,00:00:00,2022-09-18,2022,9,18,1,2022-09-18 01:00:00.0,0,15MIN,13,19,15,LOADED,,eniq_oss_1,+0100,0,2022-09-18 00:00:00.0,1,0E-8,0E-8,0,0E-8
eniqs,eniq_oss_1,[kmpath_handlerd],297,00:00:00,2022-09-18,2022,9,18,1,2022-09-18 01:00:00.0,0,15MIN,13,19,15,LOADED,,eniq_oss_1,+0100,0,2022-09-18 00:00:00.0,1,0E-8,0E-8,0,0E-8
eniqs,eniq_oss_1,[scsi_eh_0],330,00:00:00,2022-09-18,2022,9,18,1,2022-09-18 01:00:00.0,0,15MIN,13,19,15,LOADED,,eniq_oss_1,+0100,0,2022-09-18 00:00:00.0,1,0E-8,0E-8,0,0E-8
eniqs,eniq_oss_1,[nfit],334,00:00:00,2022-09-18,2022,9,18,1,2022-09-18 01:00:00.0,0,15MIN,13,19,15,LOADED,,eniq_oss_1,+0100,0,2022-09-18 00:00:00.0,1,0E-8,0E-8,0,0E-8
eniqs,eniq_oss_1,[scsi_tmf_0],337,00:00:00,2022-09-18,2022,9,18,1,2022-09-18 01:00:00.0,0,15MIN,13,19,15,LOADED,,eniq_oss_1,+0100,0,2022-09-18 00:00:00.0,1,0E-8,0E-8,0,0E-8
eniqs,eniq_oss_1,[mpt_poll_0],340,00:00:00,2022-09-18,2022,9,18,1,2022-09-18 01:00:00.0,0,15MIN,13,19,15,LOADED,,eniq_oss_1,+0100,0,2022-09-18 00:00:00.0,1,0E-8,0E-8,0,0E-8
eniqs,eniq_oss_1,[vmw_pvscsi_wq_0],341,00:00:00,2022-09-18,2022,9,18,1,2022-09-18 01:00:00.0,0,15MIN,13,19,15,LOADED,,eniq_oss_1,+0100,0,2022-09-18 00:00:00.0,1,0E-8,0E-8,0,0E-8
eniqs,eniq_oss_1,[ata_sff],367,00:00:00,2022-09-18,2022,9,18,1,2022-09-18 01:00:00.0,0,15MIN,13,19,15,LOADED,,eniq_oss_1,+0100,0,2022-09-18 00:00:00.0,1,0E-8,0E-8,0,0E-8
eniqs,eniq_oss_1,[mpt/0],368,00:00:00,2022-09-18,2022,9,18,1,2022-09-18 01:00:00.0,0,15MIN,13,19,15,LOADED,,eniq_oss_1,+0100,0,2022-09-18 00:00:00.0,1,0E-8,0E-8,0,0E-8
eniqs,eniq_oss_1,[scsi_eh_1],390,00:00:00,2022-09-18,2022,9,18,1,2022-09-18 01:00:00.0,0,15MIN,13,19,15,LOADED,,eniq_oss_1,+0100,0,2022-09-18 00:00:00.0,1,0E-8,0E-8,0,0E-8
eniqs,eniq_oss_1,[scsi_tmf_1],397,00:00:00,2022-09-18,2022,9,18,1,2022-09-18 01:00:00.0,0,15MIN,13,19,15,LOADED,,eniq_oss_1,+0100,0,2022-09-18 00:00:00.0,1,0E-8,0E-8,0,0E-8
eniqs,eniq_oss_1,[scsi_eh_2],398,00:00:00,2022-09-18,2022,9,18,1,2022-09-18 01:00:00.0,0,15MIN,13,19,15,LOADED,,eniq_oss_1,+0100,0,2022-09-18 00:00:00.0,1,0E-8,0E-8,0,0E-8
eniqs,eniq_oss_1,[scsi_tmf_2],399,00:00:00,2022-09-18,2022,9,18,1,2022-09-18 01:00:00.0,0,15MIN,13,19,15,LOADED,,eniq_oss_1,+0100,0,2022-09-18 00:00:00.0,1,0E-8,0E-8,0,0E-8
eniqs,eniq_oss_1,[irq/16-vmwgfx],537,00:00:00,2022-09-18,2022,9,18,1,2022-09-18 01:00:00.0,0,15MIN,13,19,15,LOADED,,eniq_oss_1,+0100,0,2022-09-18 00:00:00.0,1,0E-8,0E-8,0,0E-8
eniqs,eniq_oss_1,[ttm_swap],538,00:00:00,2022-09-18,2022,9,18,1,2022-09-18 01:00:00.0,0,15MIN,13,19,15,LOADED,,eniq_oss_1,+0100,0,2022-09-18 00:00:00.0,1,0E-8,0E-8,0,0E-8
eniqs,eniq_oss_1,[scsi_eh_3],551,00:00:00,2022-09-18,2022,9,18,1,2022-09-18 01:00:00.0,0,15MIN,13,19,15,LOADED,,eniq_oss_1,+0100,0,2022-09-18 00:00:00.0,1,0E-8,0E-8,0,0E-8
eniqs,eniq_oss_1,[scsi_tmf_3],552,00:00:00,2022-09-18,2022,9,18,1,2022-09-18 01:00:00.0,0,15MIN,13,19,15,LOADED,,eniq_oss_1,+0100,0,2022-09-18 00:00:00.0,1,0E-8,0E-8,0,0E-8
eniqs,eniq_oss_1,[kworker/4:1H],640,00:00:00,2022-09-18,2022,9,18,1,2022-09-18 01:00:00.0,0,15MIN,13,19,15,LOADED,,eniq_oss_1,+0100,0,2022-09-18 00:00:00.0,1,0E-8,0E-8,0,0E-8
eniqs,eniq_oss_1,[kdmflush],688,00:00:00,2022-09-18,2022,9,18,1,2022-09-18 01:00:00.0,0,15MIN,13,19,15,LOADED,,eniq_oss_1,+0100,0,2022-09-18 00:00:00.0,1,0E-8,0E-8,0,0E-8
eniqs,eniq_oss_1,[bioset],689,00:00:00,2022-09-18,2022,9,18,1,2022-09-18 01:00:00.0,0,15MIN,13,19,15,LOADED,,eniq_oss_1,+0100,0,2022-09-18 00:00:00.0,1,0E-8,0E-8,0,0E-8
eniqs,eniq_oss_1,[kdmflush],699,00:00:00,2022-09-18,2022,9,18,1,2022-09-18 01:00:00.0,0,15MIN,13,19,15,LOADED,,eniq_oss_1,+0100,0,2022-09-18 00:00:00.0,1,0E-8,0E-8,0,0E-8
eniqs,eniq_oss_1,[bioset],700,00:00:00,2022-09-18,2022,9,18,1,2022-09-18 01:00:00.0,0,15MIN,13,19,15,LOADED,,eniq_oss_1,+0100,0,2022-09-18 00:00:00.0,1,0E-8,0E-8,0,0E-8
eniqs,eniq_oss_1,[kworker/3:1H],710,00:00:00,2022-09-18,2022,9,18,1,2022-09-18 01:00:00.0,0,15MIN,13,19,15,LOADED,,eniq_oss_1,+0100,0,2022-09-18 00:00:00.0,1,0E-8,0E-8,0,0E-8
eniqs,eniq_oss_1,[jbd2/dm-0-8],719,00:00:07,2022-09-18,2022,9,18,1,2022-09-18 01:00:00.0,0,15MIN,13,19,15,LOADED,,eniq_oss_1,+0100,0,2022-09-18 00:00:00.0,1,0E-8,0E-8,0,0E-8
eniqs,eniq_oss_1,[ext4-rsv-conver],720,00:00:00,2022-09-18,2022,9,18,1,2022-09-18 01:00:00.0,0,15MIN,13,19,15,LOADED,,eniq_oss_1,+0100,0,2022-09-18 00:00:00.0,1,0E-8,0E-8,0,0E-8
eniqs,eniq_oss_1,/usr/lib/systemd/systemd-jo,810,00:01:08,2022-09-18,2022,9,18,1,2022-09-18 01:00:00.0,0,15MIN,13,19,15,LOADED,,eniq_oss_1,+0100,0,2022-09-18 00:00:00.0,1,0.10000000,71.00000000,37,28.00000000
eniqs,eniq_oss_1,/usr/sbin/lvmetad,837,00:00:00,2022-09-18,2022,9,18,1,2022-09-18 01:00:00.0,0,15MIN,13,19,15,LOADED,,eniq_oss_1,+0100,0,2022-09-18 00:00:00.0,1,0E-8,268.00000000,5,7.00000000
eniqs,eniq_oss_1,/usr/lib/systemd/systemd-ud,844,00:00:00,2022-09-18,2022,9,18,1,2022-09-18 01:00:00.0,0,15MIN,13,19,15,LOADED,,eniq_oss_1,+0100,0,2022-09-18 00:00:00.0,1,0E-8,47.00000000,12,5.00000000
eniqs,eniq_oss_1,/sbin/multipathd,857,00:00:15,2022-09-18,2022,9,18,1,2022-09-18 01:00:00.0,0,15MIN,13,19,15,LOADED,,eniq_oss_1,+0100,0,2022-09-18 00:00:00.0,6,0E-8,315.00000000,8,7.00000000
eniqs,eniq_oss_1,[jbd2/sda1-8],1252,00:00:00,2022-09-18,2022,9,18,1,2022-09-18 01:00:00.0,0,15MIN,13,19,15,LOADED,,eniq_oss_1,+0100,0,2022-09-18 00:00:00.0,1,0E-8,0E-8,0,0E-8
eniqs,eniq_oss_1,[ext4-rsv-conver],1253,00:00:00,2022-09-18,2022,9,18,1,2022-09-18 01:00:00.0,0,15MIN,13,19,15,LOADED,,eniq_oss_1,+0100,0,2022-09-18 00:00:00.0,1,0E-8,0E-8,0,0E-8
eniqs,eniq_oss_1,[kdmflush],1255,00:00:00,2022-09-18,2022,9,18,1,2022-09-18 01:00:00.0,0,15MIN,13,19,15,LOADED,,eniq_oss_1,+0100,0,2022-09-18 00:00:00.0,1,0E-8,0E-8,0,0E-8
eniqs,eniq_oss_1,[bioset],1256,00:00:00,2022-09-18,2022,9,18,1,2022-09-18 01:00:00.0,0,15MIN,13,19,15,LOADED,,eniq_oss_1,+0100,0,2022-09-18 00:00:00.0,1,0E-8,0E-8,0,0E-8
eniqs,eniq_oss_1,[kdmflush],1258,00:00:00,2022-09-18,2022,9,18,1,2022-09-18 01:00:00.0,0,15MIN,13,19,15,LOADED,,eniq_oss_1,+0100,0,2022-09-18 00:00:00.0,1,0E-8,0E-8,0,0E-8
eniqs,eniq_oss_1,[bioset],1259,00:00:00,2022-09-18,2022,9,18,1,2022-09-18 01:00:00.0,0,15MIN,13,19,15,LOADED,,eniq_oss_1,+0100,0,2022-09-18 00:00:00.0,1,0E-8,0E-8,0,0E-8
eniqs,eniq_oss_1,[kdmflush],1260,00:00:00,2022-09-18,2022,9,18,1,2022-09-18 01:00:00.0,0,15MIN,13,19,15,LOADED,,eniq_oss_1,+0100,0,2022-09-18 00:00:00.0,1,0E-8,0E-8,0,0E-8
eniqs,eniq_oss_1,[bioset],1262,00:00:00,2022-09-18,2022,9,18,1,2022-09-18 01:00:00.0,0,15MIN,13,19,15,LOADED,,eniq_oss_1,+0100,0,2022-09-18 00:00:00.0,1,0E-8,0E-8,0,0E-8
eniqs,eniq_oss_1,[kdmflush],1263,00:00:00,2022-09-18,2022,9,18,1,2022-09-18 01:00:00.0,0,15MIN,13,19,15,LOADED,,eniq_oss_1,+0100,0,2022-09-18 00:00:00.0,1,0E-8,0E-8,0,0E-8
eniqs,eniq_oss_1,[bioset],1264,00:00:00,2022-09-18,2022,9,18,1,2022-09-18 01:00:00.0,0,15MIN,13,19,15,LOADED,,eniq_oss_1,+0100,0,2022-09-18 00:00:00.0,1,0E-8,0E-8,0,0E-8
eniqs,eniq_oss_1,[kdmflush],1266,00:00:00,2022-09-18,2022,9,18,1,2022-09-18 01:00:00.0,0,15MIN,13,19,15,LOADED,,eniq_oss_1,+0100,0,2022-09-18 00:00:00.0,1,0E-8,0E-8,0,0E-8
eniqs,eniq_oss_1,[bioset],1267,00:00:00,2022-09-18,2022,9,18,1,2022-09-18 01:00:00.0,0,15MIN,13,19,15,LOADED,,eniq_oss_1,+0100,0,2022-09-18 00:00:00.0,1,0E-8,0E-8,0,0E-8
eniqs,eniq_oss_1,[kdmflush],1272,00:00:00,2022-09-18,2022,9,18,1,2022-09-18 01:00:00.0,0,15MIN,13,19,15,LOADED,,eniq_oss_1,+0100,0,2022-09-18 00:00:00.0,1,0E-8,0E-8,0,0E-8
eniqs,eniq_oss_1,[bioset],1273,00:00:00,2022-09-18,2022,9,18,1,2022-09-18 01:00:00.0,0,15MIN,13,19,15,LOADED,,eniq_oss_1,+0100,0,2022-09-18 00:00:00.0,1,0E-8,0E-8,0,0E-8
eniqs,eniq_oss_1,[kdmflush],1276,00:00:00,2022-09-18,2022,9,18,1,2022-09-18 01:00:00.0,0,15MIN,13,19,15,LOADED,,eniq_oss_1,+0100,0,2022-09-18 00:00:00.0,1,0E-8,0E-8,0,0E-8
eniqs,eniq_oss_1,[bioset],1279,00:00:00,2022-09-18,2022,9,18,1,2022-09-18 01:00:00.0,0,15MIN,13,19,15,LOADED,,eniq_oss_1,+0100,0,2022-09-18 00:00:00.0,1,0E-8,0E-8,0,0E-8
eniqs,eniq_oss_1,[kdmflush],1281,00:00:00,2022-09-18,2022,9,18,1,2022-09-18 01:00:00.0,0,15MIN,13,19,15,LOADED,,eniq_oss_1,+0100,0,2022-09-18 00:00:00.0,1,0E-8,0E-8,0,0E-8
eniqs,eniq_oss_1,[bioset],1283,00:00:00,2022-09-18,2022,9,18,1,2022-09-18 01:00:00.0,0,15MIN,13,19,15,LOADED,,eniq_oss_1,+0100,0,2022-09-18 00:00:00.0,1,0E-8,0E-8,0,0E-8
eniqs,eniq_oss_1,[kdmflush],1285,00:00:00,2022-09-18,2022,9,18,1,2022-09-18 01:00:00.0,0,15MIN,13,19,15,LOADED,,eniq_oss_1,+0100,0,2022-09-18 00:00:00.0,1,0E-8,0E-8,0,0E-8
eniqs,eniq_oss_1,[bioset],1286,00:00:00,2022-09-18,2022,9,18,1,2022-09-18 01:00:00.0,0,15MIN,13,19,15,LOADED,,eniq_oss_1,+0100,0,2022-09-18 00:00:00.0,1,0E-8,0E-8,0,0E-8
eniqs,eniq_oss_1,[kdmflush],1287,00:00:00,2022-09-18,2022,9,18,1,2022-09-18 01:00:00.0,0,15MIN,13,19,15,LOADED,,eniq_oss_1,+0100,0,2022-09-18 00:00:00.0,1,0E-8,0E-8,0,0E-8
eniqs,eniq_oss_1,[bioset],1288,00:00:00,2022-09-18,2022,9,18,1,2022-09-18 01:00:00.0,0,15MIN,13,19,15,LOADED,,eniq_oss_1,+0100,0,2022-09-18 00:00:00.0,1,0E-8,0E-8,0,0E-8
eniqs,eniq_oss_1,[kdmflush],1289,00:00:00,2022-09-18,2022,9,18,1,2022-09-18 01:00:00.0,0,15MIN,13,19,15,LOADED,,eniq_oss_1,+0100,0,2022-09-18 00:00:00.0,1,0E-8,0E-8,0,0E-8
eniqs,eniq_oss_1,[bioset],1290,00:00:00,2022-09-18,2022,9,18,1,2022-09-18 01:00:00.0,0,15MIN,13,19,15,LOADED,,eniq_oss_1,+0100,0,2022-09-18 00:00:00.0,1,0E-8,0E-8,0,0E-8
eniqs,eniq_oss_1,[kdmflush],1293,00:00:00,2022-09-18,2022,9,18,1,2022-09-18 01:00:00.0,0,15MIN,13,19,15,LOADED,,eniq_oss_1,+0100,0,2022-09-18 00:00:00.0,1,0E-8,0E-8,0,0E-8
eniqs,eniq_oss_1,[bioset],1295,00:00:00,2022-09-18,2022,9,18,1,2022-09-18 01:00:00.0,0,15MIN,13,19,15,LOADED,,eniq_oss_1,+0100,0,2022-09-18 00:00:00.0,1,0E-8,0E-8,0,0E-8
eniqs,eniq_oss_1,[jbd2/dm-6-8],1370,00:00:00,2022-09-18,2022,9,18,1,2022-09-18 01:00:00.0,0,15MIN,13,19,15,LOADED,,eniq_oss_1,+0100,0,2022-09-18 00:00:00.0,1,0E-8,0E-8,0,0E-8
eniqs,eniq_oss_1,[ext4-rsv-conver],1372,00:00:00,2022-09-18,2022,9,18,1,2022-09-18 01:00:00.0,0,15MIN,13,19,15,LOADED,,eniq_oss_1,+0100,0,2022-09-18 00:00:00.0,1,0E-8,0E-8,0,0E-8
eniqs,eniq_oss_1,[jbd2/dm-5-8],1378,00:00:00,2022-09-18,2022,9,18,1,2022-09-18 01:00:00.0,0,15MIN,13,19,15,LOADED,,eniq_oss_1,+0100,0,2022-09-18 00:00:00.0,1,0E-8,0E-8,0,0E-8
eniqs,eniq_oss_1,[ext4-rsv-conver],1379,00:00:00,2022-09-18,2022,9,18,1,2022-09-18 01:00:00.0,0,15MIN,13,19,15,LOADED,,eniq_oss_1,+0100,0,2022-09-18 00:00:00.0,1,0E-8,0E-8,0,0E-8
eniqs,eniq_oss_1,[jbd2/dm-8-8],1382,00:00:00,2022-09-18,2022,9,18,1,2022-09-18 01:00:00.0,0,15MIN,13,19,15,LOADED,,eniq_oss_1,+0100,0,2022-09-18 00:00:00.0,1,0E-8,0E-8,0,0E-8
eniqs,eniq_oss_1,[ext4-rsv-conver],1383,00:00:00,2022-09-18,2022,9,18,1,2022-09-18 01:00:00.0,0,15MIN,13,19,15,LOADED,,eniq_oss_1,+0100,0,2022-09-18 00:00:00.0,1,0E-8,0E-8,0,0E-8
eniqs,eniq_oss_1,[jbd2/dm-10-8],1385,00:00:00,2022-09-18,2022,9,18,1,2022-09-18 01:00:00.0,0,15MIN,13,19,15,LOADED,,eniq_oss_1,+0100,0,2022-09-18 00:00:00.0,1,0E-8,0E-8,0,0E-8
eniqs,eniq_oss_1,[ext4-rsv-conver],1386,00:00:00,2022-09-18,2022,9,18,1,2022-09-18 01:00:00.0,0,15MIN,13,19,15,LOADED,,eniq_oss_1,+0100,0,2022-09-18 00:00:00.0,1,0E-8,0E-8,0,0E-8
eniqs,eniq_oss_1,[jbd2/dm-13-8],1387,00:00:00,2022-09-18,2022,9,18,1,2022-09-18 01:00:00.0,0,15MIN,13,19,15,LOADED,,eniq_oss_1,+0100,0,2022-09-18 00:00:00.0,1,0E-8,0E-8,0,0E-8
eniqs,eniq_oss_1,[ext4-rsv-conver],1388,00:00:00,2022-09-18,2022,9,18,1,2022-09-18 01:00:00.0,0,15MIN,13,19,15,LOADED,,eniq_oss_1,+0100,0,2022-09-18 00:00:00.0,1,0E-8,0E-8,0,0E-8
eniqs,eniq_oss_1,[jbd2/dm-2-8],1391,00:00:03,2022-09-18,2022,9,18,1,2022-09-18 01:00:00.0,0,15MIN,13,19,15,LOADED,,eniq_oss_1,+0100,0,2022-09-18 00:00:00.0,1,0E-8,0E-8,0,0E-8
eniqs,eniq_oss_1,[ext4-rsv-conver],1392,00:00:00,2022-09-18,2022,9,18,1,2022-09-18 01:00:00.0,0,15MIN,13,19,15,LOADED,,eniq_oss_1,+0100,0,2022-09-18 00:00:00.0,1,0E-8,0E-8,0,0E-8
eniqs,eniq_oss_1,[jbd2/dm-11-8],1395,00:00:00,2022-09-18,2022,9,18,1,2022-09-18 01:00:00.0,0,15MIN,13,19,15,LOADED,,eniq_oss_1,+0100,0,2022-09-18 00:00:00.0,1,0E-8,0E-8,0,0E-8
eniqs,eniq_oss_1,[ext4-rsv-conver],1396,00:00:00,2022-09-18,2022,9,18,1,2022-09-18 01:00:00.0,0,15MIN,13,19,15,LOADED,,eniq_oss_1,+0100,0,2022-09-18 00:00:00.0,1,0E-8,0E-8,0,0E-8
eniqs,eniq_oss_1,[jbd2/dm-4-8],1401,00:00:03,2022-09-18,2022,9,18,1,2022-09-18 01:00:00.0,0,15MIN,13,19,15,LOADED,,eniq_oss_1,+0100,0,2022-09-18 00:00:00.0,1,0E-8,0E-8,0,0E-8
eniqs,eniq_oss_1,[ext4-rsv-conver],1402,00:00:00,2022-09-18,2022,9,18,1,2022-09-18 01:00:00.0,0,15MIN,13,19,15,LOADED,,eniq_oss_1,+0100,0,2022-09-18 00:00:00.0,1,0E-8,0E-8,0,0E-8
eniqs,eniq_oss_1,[jbd2/dm-9-8],1404,00:00:00,2022-09-18,2022,9,18,1,2022-09-18 01:00:00.0,0,15MIN,13,19,15,LOADED,,eniq_oss_1,+0100,0,2022-09-18 00:00:00.0,1,0E-8,0E-8,0,0E-8
eniqs,eniq_oss_1,[ext4-rsv-conver],1405,00:00:00,2022-09-18,2022,9,18,1,2022-09-18 01:00:00.0,0,15MIN,13,19,15,LOADED,,eniq_oss_1,+0100,0,2022-09-18 00:00:00.0,1,0E-8,0E-8,0,0E-8
eniqs,eniq_oss_1,[jbd2/dm-7-8],1406,00:00:02,2022-09-18,2022,9,18,1,2022-09-18 01:00:00.0,0,15MIN,13,19,15,LOADED,,eniq_oss_1,+0100,0,2022-09-18 00:00:00.0,1,0E-8,0E-8,0,0E-8
eniqs,eniq_oss_1,[ext4-rsv-conver],1407,00:00:00,2022-09-18,2022,9,18,1,2022-09-18 01:00:00.0,0,15MIN,13,19,15,LOADED,,eniq_oss_1,+0100,0,2022-09-18 00:00:00.0,1,0E-8,0E-8,0,0E-8
eniqs,eniq_oss_1,[jbd2/dm-3-8],1418,00:00:03,2022-09-18,2022,9,18,1,2022-09-18 01:00:00.0,0,15MIN,13,19,15,LOADED,,eniq_oss_1,+0100,0,2022-09-18 00:00:00.0,1,0E-8,0E-8,0,0E-8
eniqs,eniq_oss_1,[ext4-rsv-conver],1419,00:00:00,2022-09-18,2022,9,18,1,2022-09-18 01:00:00.0,0,15MIN,13,19,15,LOADED,,eniq_oss_1,+0100,0,2022-09-18 00:00:00.0,1,0E-8,0E-8,0,0E-8
eniqs,eniq_oss_1,[jbd2/dm-12-8],1421,00:00:04,2022-09-18,2022,9,18,1,2022-09-18 01:00:00.0,0,15MIN,13,19,15,LOADED,,eniq_oss_1,+0100,0,2022-09-18 00:00:00.0,1,0E-8,0E-8,0,0E-8
eniqs,eniq_oss_1,[ext4-rsv-conver],1422,00:00:00,2022-09-18,2022,9,18,1,2022-09-18 01:00:00.0,0,15MIN,13,19,15,LOADED,,eniq_oss_1,+0100,0,2022-09-18 00:00:00.0,1,0E-8,0E-8,0,0E-8
eniqs,eniq_oss_1,/sbin/auditd,1449,00:00:13,2022-09-18,2022,9,18,1,2022-09-18 01:00:00.0,0,15MIN,13,19,15,LOADED,,eniq_oss_1,+0100,0,2022-09-18 00:00:00.0,2,0E-8,54.00000000,10,1.00000000
eniqs,eniq_oss_1,[rpciod],1452,00:00:00,2022-09-18,2022,9,18,1,2022-09-18 01:00:00.0,0,15MIN,13,19,15,LOADED,,eniq_oss_1,+0100,0,2022-09-18 00:00:00.0,1,0E-8,0E-8,0,0E-8
eniqs,eniq_oss_1,[xprtiod],1453,00:00:00,2022-09-18,2022,9,18,1,2022-09-18 01:00:00.0,0,15MIN,13,19,15,LOADED,,eniq_oss_1,+0100,0,2022-09-18 00:00:00.0,1,0E-8,0E-8,0,0E-8
eniqs,eniq_oss_1,/usr/sbin/irqbalance,1476,00:00:03,2022-09-18,2022,9,18,1,2022-09-18 01:00:00.0,0,15MIN,13,19,15,LOADED,,eniq_oss_1,+0100,0,2022-09-18 00:00:00.0,1,0E-8,21.00000000,3,1.00000000
eniqs,eniq_oss_1,/usr/lib/polkit-1/polkitd,1478,00:00:17,2022-09-18,2022,9,18,1,2022-09-18 01:00:00.0,0,15MIN,13,19,15,LOADED,,eniq_oss_1,+0100,0,2022-09-18 00:00:00.0,7,0E-8,597.00000000,12,10.00000000
eniqs,eniq_oss_1,/usr/lib/systemd/systemd-lo,1480,00:00:51,2022-09-18,2022,9,18,1,2022-09-18 01:00:00.0,0,15MIN,13,19,15,LOADED,,eniq_oss_1,+0100,0,2022-09-18 00:00:00.0,1,0E-8,25.00000000,27,2.00000000
eniqs,eniq_oss_1,/usr/bin/VGAuthService,1481,00:00:00,2022-09-18,2022,9,18,1,2022-09-18 01:00:00.0,0,15MIN,13,19,15,LOADED,,eniq_oss_1,+0100,0,2022-09-18 00:00:00.0,1,0E-8,97.00000000,9,6.00000000
eniqs,eniq_oss_1,/usr/bin/dbus-daemon,1484,00:01:33,2022-09-18,2022,9,18,1,2022-09-18 01:00:00.0,0,15MIN,13,19,15,LOADED,,eniq_oss_1,+0100,0,2022-09-18 00:00:00.0,2,0.10000000,65.00000000,17,2.00000000
eniqs,eniq_oss_1,/usr/sbin/chronyd,1488,00:00:00,2022-09-18,2022,9,18,1,2022-09-18 01:00:00.0,0,15MIN,13,19,15,LOADED,,eniq_oss_1,+0100,0,2022-09-18 00:00:00.0,1,0E-8,98.00000000,8,1.00000000
eniqs,eniq_oss_1,/bin/bash,1490,00:01:50,2022-09-18,2022,9,18,1,2022-09-18 01:00:00.0,0,15MIN,13,19,15,LOADED,,eniq_oss_1,+0100,0,2022-09-18 00:00:00.0,1,0.10000000,111.00000000,4,2.00000000
eniqs,eniq_oss_1,/usr/sbin/gssproxy,1503,00:00:00,2022-09-18,2022,9,18,1,2022-09-18 01:00:00.0,0,15MIN,13,19,15,LOADED,,eniq_oss_1,+0100,0,2022-09-18 00:00:00.0,6,0E-8,190.00000000,11,1.00000000
eniqs,eniq_oss_1,/usr/sbin/NetworkManager,1529,00:00:16,2022-09-18,2022,9,18,1,2022-09-18 01:00:00.0,0,15MIN,13,19,15,LOADED,,eniq_oss_1,+0100,0,2022-09-18 00:00:00.0,3,0E-8,463.00000000,23,8.00000000
eniqs,eniq_oss_1,/usr/bin/vmtoolsd,1532,00:00:55,2022-09-18,2022,9,18,1,2022-09-18 01:00:00.0,0,15MIN,13,19,15,LOADED,,eniq_oss_1,+0100,0,2022-09-18 00:00:00.0,2,0E-8,298.00000000,9,6.00000000
eniqs,eniq_oss_1,/sbin/rpcbind,1565,00:00:00,2022-09-18,2022,9,18,1,2022-09-18 01:00:00.0,0,15MIN,13,19,15,LOADED,,eniq_oss_1,+0100,0,2022-09-18 00:00:00.0,1,0E-8,67.00000000,12,1.00000000
eniqs,eniq_oss_1,[bond0],1705,00:00:00,2022-09-18,2022,9,18,1,2022-09-18 01:00:00.0,0,15MIN,13,19,15,LOADED,,eniq_oss_1,+0100,0,2022-09-18 00:00:00.0,1,0E-8,0E-8,0,0E-8
eniqs,eniq_oss_1,/usr/sbin/sshd,2007,00:00:15,2022-09-18,2022,9,18,1,2022-09-18 01:00:00.0,0,15MIN,13,19,15,LOADED,,eniq_oss_1,+0100,0,2022-09-18 00:00:00.0,1,0E-8,110.00000000,5,4.00000000
eniqs,eniq_oss_1,/usr/bin/rhsmcertd,2008,00:00:00,2022-09-18,2022,9,18,1,2022-09-18 01:00:00.0,0,15MIN,13,19,15,LOADED,,eniq_oss_1,+0100,0,2022-09-18 00:00:00.0,1,0E-8,113.00000000,5,0E-8
eniqs,eniq_oss_1,/usr/bin/python2,2009,00:00:07,2022-09-18,2022,9,18,1,2022-09-18 01:00:00.0,0,15MIN,13,19,15,LOADED,,eniq_oss_1,+0100,0,2022-09-18 00:00:00.0,5,0E-8,572.00000000,14,21.00000000
eniqs,eniq_oss_1,/usr/sbin/rsyslogd,2017,00:00:14,2022-09-18,2022,9,18,1,2022-09-18 01:00:00.0,0,15MIN,13,19,15,LOADED,,eniq_oss_1,+0100,0,2022-09-18 00:00:00.0,3,0E-8,484.00000000,15,17.00000000
eniqs,eniq_oss_1,/usr/sbin/xinetd,2019,00:00:00,2022-09-18,2022,9,18,1,2022-09-18 01:00:00.0,0,15MIN,13,19,15,LOADED,,eniq_oss_1,+0100,0,2022-09-18 00:00:00.0,1,0E-8,24.00000000,6,0E-8
eniqs,eniq_oss_1,/usr/sbin/rpc.statd,2022,00:00:00,2022-09-18,2022,9,18,1,2022-09-18 01:00:00.0,0,15MIN,13,19,15,LOADED,,eniq_oss_1,+0100,0,2022-09-18 00:00:00.0,1,0E-8,47.00000000,10,7.00000000
eniqs,eniq_oss_1,/usr/sbin/automount,2046,00:00:06,2022-09-18,2022,9,18,1,2022-09-18 01:00:00.0,0,15MIN,13,19,15,LOADED,,eniq_oss_1,+0100,0,2022-09-18 00:00:00.0,5,0E-8,489.00000000,17,3.00000000
eniqs,eniq_oss_1,/usr/sbin/crond,2088,00:00:06,2022-09-18,2022,9,18,1,2022-09-18 01:00:00.0,0,15MIN,13,19,15,LOADED,,eniq_oss_1,+0100,0,2022-09-18 00:00:00.0,1,0E-8,123.00000000,6,1.00000000
eniqs,eniq_oss_1,rhnsd,2093,00:00:00,2022-09-18,2022,9,18,1,2022-09-18 01:00:00.0,0,15MIN,13,19,15,LOADED,,eniq_oss_1,+0100,0,2022-09-18 00:00:00.0,1,0E-8,105.00000000,1,0E-8
eniqs,eniq_oss_1,/bin/bash,2150,00:01:22,2022-09-18,2022,9,18,1,2022-09-18 01:00:00.0,0,15MIN,13,19,15,LOADED,,eniq_oss_1,+0100,0,2022-09-18 00:00:00.0,1,0.10000000,113.00000000,4,2.00000000
eniqs,eniq_oss_1,/sbin/agetty,2207,00:00:00,2022-09-18,2022,9,18,1,2022-09-18 01:00:00.0,0,15MIN,13,19,15,LOADED,,eniq_oss_1,+0100,0,2022-09-18 00:00:00.0,1,0E-8,107.00000000,3,0E-8
eniqs,eniq_oss_1,/bin/bash,2208,00:06:39,2022-09-18,2022,9,18,1,2022-09-18 01:00:00.0,0,15MIN,13,19,15,LOADED,,eniq_oss_1,+0100,0,2022-09-18 00:00:00.0,1,0.60000000,111.00000000,4,2.00000000
eniqs,eniq_oss_1,[kworker/5:1H],2269,00:00:00,2022-09-18,2022,9,18,1,2022-09-18 01:00:00.0,0,15MIN,13,19,15,LOADED,,eniq_oss_1,+0100,0,2022-09-18 00:00:00.0,1,0E-8,0E-8,0,0E-8
eniqs,eniq_oss_1,[kworker/0:0],2301,00:00:00,2022-09-18,2022,9,18,1,2022-09-18 01:00:00.0,0,15MIN,13,19,15,LOADED,,eniq_oss_1,+0100,0,2022-09-18 00:00:00.0,1,0E-8,0E-8,0,0E-8
eniqs,eniq_oss_1,/usr/libexec/postfix/master,2679,00:00:01,2022-09-18,2022,9,18,1,2022-09-18 01:00:00.0,0,15MIN,13,19,15,LOADED,,eniq_oss_1,+0100,0,2022-09-18 00:00:00.0,1,0E-8,87.00000000,91,2.00000000
eniqs,eniq_oss_1,qmgr,2695,00:00:00,2022-09-18,2022,9,18,1,2022-09-18 01:00:00.0,0,15MIN,13,19,15,LOADED,,eniq_oss_1,+0100,0,2022-09-18 00:00:00.0,1,0E-8,87.00000000,12,3.00000000
eniqs,eniq_oss_1,[nfsiod],2904,00:00:00,2022-09-18,2022,9,18,1,2022-09-18 01:00:00.0,0,15MIN,13,19,15,LOADED,,eniq_oss_1,+0100,0,2022-09-18 00:00:00.0,1,0E-8,0E-8,0,0E-8
eniqs,eniq_oss_1,/opt/Unisphere/bin/hostagen,3620,00:00:01,2022-09-18,2022,9,18,1,2022-09-18 01:00:00.0,0,15MIN,13,19,15,LOADED,,eniq_oss_1,+0100,0,2022-09-18 00:00:00.0,2,0E-8,37.00000000,10,5.00000000
eniqs,eniq_oss_1,[kworker/1:1H],3784,00:00:00,2022-09-18,2022,9,18,1,2022-09-18 01:00:00.0,0,15MIN,13,19,15,LOADED,,eniq_oss_1,+0100,0,2022-09-18 00:00:00.0,1,0E-8,0E-8,0,0E-8
eniqs,eniq_oss_1,[kworker/u12:3],4919,00:00:00,2022-09-18,2022,9,18,1,2022-09-18 01:00:00.0,0,15MIN,13,19,15,LOADED,,eniq_oss_1,+0100,0,2022-09-18 00:00:00.0,1,0E-8,0E-8,0,0E-8
eniqs,eniq_oss_1,[kworker/4:1],5443,00:00:00,2022-09-18,2022,9,18,1,2022-09-18 01:00:00.0,0,15MIN,13,19,15,LOADED,,eniq_oss_1,+0100,0,2022-09-18 00:00:00.0,1,0E-8,0E-8,0,0E-8
eniqs,eniq_oss_1,perl,7145,00:00:00,2022-09-18,2022,9,18,1,2022-09-18 01:00:00.0,0,15MIN,13,19,15,LOADED,,eniq_oss_1,+0100,0,2022-09-18 00:00:00.0,1,0E-8,136.00000000,4,6.00000000
eniqs,eniq_oss_1,/eniq/sybase_iq/shared/SAPJ,7291,00:00:10,2022-09-18,2022,9,18,1,2022-09-18 01:00:00.0,0,15MIN,13,19,15,LOADED,,eniq_oss_1,+0100,0,2022-09-18 00:00:00.0,31,0.20000000,3810.00000000,23,88.00000000
eniqs,eniq_oss_1,/eniq/sybase_iq/shared/SAPJ,7293,00:00:10,2022-09-18,2022,9,18,1,2022-09-18 01:00:00.0,0,15MIN,13,19,15,LOADED,,eniq_oss_1,+0100,0,2022-09-18 00:00:00.0,31,0.20000000,3810.00000000,23,89.00000000
eniqs,eniq_oss_1,/eniq/sybase_iq/shared/SAPJ,7298,00:00:10,2022-09-18,2022,9,18,1,2022-09-18 01:00:00.0,0,15MIN,13,19,15,LOADED,,eniq_oss_1,+0100,0,2022-09-18 00:00:00.0,31,0.20000000,3810.00000000,23,88.00000000
eniqs,eniq_oss_1,[kworker/3:2],8381,00:00:00,2022-09-18,2022,9,18,1,2022-09-18 01:00:00.0,0,15MIN,13,19,15,LOADED,,eniq_oss_1,+0100,0,2022-09-18 00:00:00.0,1,0E-8,0E-8,0,0E-8
eniqs,eniq_oss_1,[kworker/4:2],8933,00:00:00,2022-09-18,2022,9,18,1,2022-09-18 01:00:00.0,0,15MIN,13,19,15,LOADED,,eniq_oss_1,+0100,0,2022-09-18 00:00:00.0,1,0E-8,0E-8,0,0E-8
eniqs,eniq_oss_1,[kworker/2:1H],9088,00:00:08,2022-09-18,2022,9,18,1,2022-09-18 01:00:00.0,0,15MIN,13,19,15,LOADED,,eniq_oss_1,+0100,0,2022-09-18 00:00:00.0,1,0.10000000,0E-8,0,0E-8
eniqs,eniq_oss_1,[kworker/1:2],9237,00:00:00,2022-09-18,2022,9,18,1,2022-09-18 01:00:00.0,0,15MIN,13,19,15,LOADED,,eniq_oss_1,+0100,0,2022-09-18 00:00:00.0,1,0E-8,0E-8,0,0E-8
eniqs,eniq_oss_1,[kworker/2:2],10871,00:00:00,2022-09-18,2022,9,18,1,2022-09-18 01:00:00.0,0,15MIN,13,19,15,LOADED,,eniq_oss_1,+0100,0,2022-09-18 00:00:00.0,1,0E-8,0E-8,0,0E-8
eniqs,eniq_oss_1,[kworker/0:1],13560,00:00:00,2022-09-18,2022,9,18,1,2022-09-18 01:00:00.0,0,15MIN,13,19,15,LOADED,,eniq_oss_1,+0100,0,2022-09-18 00:00:00.0,1,0E-8,0E-8,0,0E-8
eniqs,eniq_oss_1,[lockd],13784,00:00:00,2022-09-18,2022,9,18,1,2022-09-18 01:00:00.0,0,15MIN,13,19,15,LOADED,,eniq_oss_1,+0100,0,2022-09-18 00:00:00.0,1,0E-8,0E-8,0,0E-8
eniqs,eniq_oss_1,/usr/bin/bash,15418,00:00:12,2022-09-18,2022,9,18,1,2022-09-18 01:00:00.0,0,15MIN,13,19,15,LOADED,,eniq_oss_1,+0100,0,2022-09-18 00:00:00.0,1,0E-8,111.00000000,4,1.00000000
eniqs,eniq_oss_1,/bin/bash,15472,00:00:43,2022-09-18,2022,9,18,1,2022-09-18 01:00:00.0,0,15MIN,13,19,15,LOADED,,eniq_oss_1,+0100,0,2022-09-18 00:00:00.0,1,0E-8,113.00000000,4,2.00000000
eniqs,eniq_oss_1,/bin/bash,15588,00:01:14,2022-09-18,2022,9,18,1,2022-09-18 01:00:00.0,0,15MIN,13,19,15,LOADED,,eniq_oss_1,+0100,0,2022-09-18 00:00:00.0,1,0.10000000,114.00000000,4,3.00000000
eniqs,eniq_oss_1,/eniq/sw/runtime/jdk/bin/rm,15757,00:00:47,2022-09-18,2022,9,18,1,2022-09-18 01:00:00.0,0,15MIN,13,19,15,LOADED,,eniq_oss_1,+0100,0,2022-09-18 00:00:00.0,26,0E-8,1711.00000000,22,89.00000000
eniqs,eniq_oss_1,[dio/dm-2],15916,00:00:00,2022-09-18,2022,9,18,1,2022-09-18 01:00:00.0,0,15MIN,13,19,15,LOADED,,eniq_oss_1,+0100,0,2022-09-18 00:00:00.0,1,0E-8,0E-8,0,0E-8
eniqs,eniq_oss_1,/eniq/sw/runtime/java/bin/j,16130,00:20:26,2022-09-18,2022,9,18,1,2022-09-18 01:00:00.0,0,15MIN,13,19,15,LOADED,,eniq_oss_1,+0100,0,2022-09-18 00:00:00.0,31,2.10000000,1694.00000000,464,209.00000000
eniqs,eniq_oss_1,/eniq/sw/runtime/java/bin/j,16190,00:01:59,2022-09-18,2022,9,18,1,2022-09-18 01:00:00.0,0,15MIN,13,19,15,LOADED,,eniq_oss_1,+0100,0,2022-09-18 00:00:00.0,58,0.20000000,2224.00000000,104,526.00000000
eniqs,eniq_oss_1,/eniq/sybase_iq/IQ-16_1/bin,16408,03:43:48,2022-09-18,2022,9,18,1,2022-09-18 01:00:00.0,0,15MIN,13,19,15,LOADED,,eniq_oss_1,+0100,0,2022-09-18 00:00:00.0,935,23.40000000,63538.00000000,41,19934.00000000
eniqs,eniq_oss_1,[kworker/4:0],17573,00:00:00,2022-09-18,2022,9,18,1,2022-09-18 01:00:00.0,0,15MIN,13,19,15,LOADED,,eniq_oss_1,+0100,0,2022-09-18 00:00:00.0,1,0E-8,0E-8,0,0E-8
eniqs,eniq_oss_1,[kworker/3:0],17752,00:00:00,2022-09-18,2022,9,18,1,2022-09-18 01:00:00.0,0,15MIN,13,19,15,LOADED,,eniq_oss_1,+0100,0,2022-09-18 00:00:00.0,1,0E-8,0E-8,0,0E-8
eniqs,eniq_oss_1,[kworker/5:0],17876,00:00:00,2022-09-18,2022,9,18,1,2022-09-18 01:00:00.0,0,15MIN,13,19,15,LOADED,,eniq_oss_1,+0100,0,2022-09-18 00:00:00.0,1,0E-8,0E-8,0,0E-8
eniqs,eniq_oss_1,/eniq/sw/runtime/java/bin/j,19611,00:00:47,2022-09-18,2022,9,18,1,2022-09-18 01:00:00.0,0,15MIN,13,19,15,LOADED,,eniq_oss_1,+0100,0,2022-09-18 00:00:00.0,24,0E-8,1731.00000000,18,138.00000000
eniqs,eniq_oss_1,[kworker/u12:0],20164,00:00:01,2022-09-18,2022,9,18,1,2022-09-18 01:00:00.0,0,15MIN,13,19,15,LOADED,,eniq_oss_1,+0100,0,2022-09-18 00:00:00.0,1,0E-8,0E-8,0,0E-8
eniqs,eniq_oss_1,[kworker/5:2],20223,00:00:00,2022-09-18,2022,9,18,1,2022-09-18 01:00:00.0,0,15MIN,13,19,15,LOADED,,eniq_oss_1,+0100,0,2022-09-18 00:00:00.0,1,0E-8,0E-8,0,0E-8
eniqs,eniq_oss_1,/eniq/sentinel/bin/lserv,20556,00:00:01,2022-09-18,2022,9,18,1,2022-09-18 01:00:00.0,0,15MIN,13,19,15,LOADED,,eniq_oss_1,+0100,0,2022-09-18 00:00:00.0,1,0E-8,43.00000000,5,40.00000000
eniqs,eniq_oss_1,[kworker/5:1],20596,00:00:00,2022-09-18,2022,9,18,1,2022-09-18 01:00:00.0,0,15MIN,13,19,15,LOADED,,eniq_oss_1,+0100,0,2022-09-18 00:00:00.0,1,0E-8,0E-8,0,0E-8
eniqs,eniq_oss_1,/eniq/sw/runtime/java/bin/j,20602,00:00:37,2022-09-18,2022,9,18,1,2022-09-18 01:00:00.0,0,15MIN,13,19,15,LOADED,,eniq_oss_1,+0100,0,2022-09-18 00:00:00.0,22,0E-8,1839.00000000,116,157.00000000
eniqs,eniq_oss_1,/eniq/sw/runtime/java/bin/j,20785,00:18:51,2022-09-18,2022,9,18,1,2022-09-18 01:00:00.0,0,15MIN,13,19,15,LOADED,,eniq_oss_1,+0100,0,2022-09-18 00:00:00.0,34,1.90000000,8289.00000000,477,1410.00000000
eniqs,eniq_oss_1,sleep,23198,00:00:00,2022-09-18,2022,9,18,1,2022-09-18 01:00:00.0,0,15MIN,13,19,15,LOADED,,eniq_oss_1,+0100,0,2022-09-18 00:00:00.0,1,0E-8,105.00000000,0,0E-8
eniqs,eniq_oss_1,/usr/bin/sleep,23200,00:00:00,2022-09-18,2022,9,18,1,2022-09-18 01:00:00.0,0,15MIN,13,19,15,LOADED,,eniq_oss_1,+0100,0,2022-09-18 00:00:00.0,1,0E-8,105.00000000,0,0E-8
eniqs,eniq_oss_1,/usr/bin/sleep,23201,00:00:00,2022-09-18,2022,9,18,1,2022-09-18 01:00:00.0,0,15MIN,13,19,15,LOADED,,eniq_oss_1,+0100,0,2022-09-18 00:00:00.0,1,0E-8,105.00000000,0,0E-8
eniqs,eniq_oss_1,/usr/bin/sleep,23202,00:00:00,2022-09-18,2022,9,18,1,2022-09-18 01:00:00.0,0,15MIN,13,19,15,LOADED,,eniq_oss_1,+0100,0,2022-09-18 00:00:00.0,1,0E-8,105.00000000,0,0E-8
eniqs,eniq_oss_1,/usr/sbin/CROND,23205,00:00:00,2022-09-18,2022,9,18,1,2022-09-18 01:00:00.0,0,15MIN,13,19,15,LOADED,,eniq_oss_1,+0100,0,2022-09-18 00:00:00.0,1,0E-8,178.00000000,0,2.00000000
eniqs,eniq_oss_1,/usr/sbin/CROND,23206,00:00:00,2022-09-18,2022,9,18,1,2022-09-18 01:00:00.0,0,15MIN,13,19,15,LOADED,,eniq_oss_1,+0100,0,2022-09-18 00:00:00.0,1,0E-8,178.00000000,7,2.00000000
eniqs,eniq_oss_1,/usr/sbin/CROND,23207,00:00:00,2022-09-18,2022,9,18,1,2022-09-18 01:00:00.0,0,15MIN,13,19,15,LOADED,,eniq_oss_1,+0100,0,2022-09-18 00:00:00.0,1,0E-8,178.00000000,0,2.00000000
eniqs,eniq_oss_1,/usr/sbin/CROND,23208,00:00:00,2022-09-18,2022,9,18,1,2022-09-18 01:00:00.0,0,15MIN,13,19,15,LOADED,,eniq_oss_1,+0100,0,2022-09-18 00:00:00.0,1,0E-8,178.00000000,0,2.00000000
eniqs,eniq_oss_1,/usr/sbin/CROND,23209,00:00:00,2022-09-18,2022,9,18,1,2022-09-18 01:00:00.0,0,15MIN,13,19,15,LOADED,,eniq_oss_1,+0100,0,2022-09-18 00:00:00.0,1,0E-8,178.00000000,7,2.00000000
eniqs,eniq_oss_1,/usr/sbin/CROND,23210,00:00:00,2022-09-18,2022,9,18,1,2022-09-18 01:00:00.0,0,15MIN,13,19,15,LOADED,,eniq_oss_1,+0100,0,2022-09-18 00:00:00.0,1,0E-8,178.00000000,0,2.00000000
eniqs,eniq_oss_1,/usr/sbin/CROND,23211,00:00:00,2022-09-18,2022,9,18,1,2022-09-18 01:00:00.0,0,15MIN,13,19,15,LOADED,,eniq_oss_1,+0100,0,2022-09-18 00:00:00.0,1,0E-8,178.00000000,7,2.00000000
eniqs,eniq_oss_1,/usr/sbin/CROND,23213,00:00:00,2022-09-18,2022,9,18,1,2022-09-18 01:00:00.0,0,15MIN,13,19,15,LOADED,,eniq_oss_1,+0100,0,2022-09-18 00:00:00.0,1,0E-8,178.00000000,7,2.00000000
eniqs,eniq_oss_1,/usr/sbin/CROND,23214,00:00:00,2022-09-18,2022,9,18,1,2022-09-18 01:00:00.0,0,15MIN,13,19,15,LOADED,,eniq_oss_1,+0100,0,2022-09-18 00:00:00.0,1,0E-8,178.00000000,7,2.00000000
eniqs,eniq_oss_1,/usr/sbin/CROND,23215,00:00:00,2022-09-18,2022,9,18,1,2022-09-18 01:00:00.0,0,15MIN,13,19,15,LOADED,,eniq_oss_1,+0100,0,2022-09-18 00:00:00.0,1,0E-8,178.00000000,0,2.00000000
eniqs,eniq_oss_1,/usr/sbin/CROND,23217,00:00:00,2022-09-18,2022,9,18,1,2022-09-18 01:00:00.0,0,15MIN,13,19,15,LOADED,,eniq_oss_1,+0100,0,2022-09-18 00:00:00.0,1,0E-8,178.00000000,7,2.00000000
eniqs,eniq_oss_1,/usr/sbin/CROND,23218,00:00:00,2022-09-18,2022,9,18,1,2022-09-18 01:00:00.0,0,15MIN,13,19,15,LOADED,,eniq_oss_1,+0100,0,2022-09-18 00:00:00.0,1,0E-8,178.00000000,7,2.00000000
eniqs,eniq_oss_1,/usr/sbin/CROND,23219,00:00:00,2022-09-18,2022,9,18,1,2022-09-18 01:00:00.0,0,15MIN,13,19,15,LOADED,,eniq_oss_1,+0100,0,2022-09-18 00:00:00.0,1,0E-8,178.00000000,7,2.00000000
eniqs,eniq_oss_1,/usr/bin/sleep,23237,00:00:00,2022-09-18,2022,9,18,1,2022-09-18 01:00:00.0,0,15MIN,13,19,15,LOADED,,eniq_oss_1,+0100,0,2022-09-18 00:00:00.0,1,0E-8,105.00000000,0,0E-8
eniqs,eniq_oss_1,/bin/sh,23238,00:00:00,2022-09-18,2022,9,18,1,2022-09-18 01:00:00.0,0,15MIN,13,19,15,LOADED,,eniq_oss_1,+0100,0,2022-09-18 00:00:00.0,1,0E-8,110.00000000,0,1.00000000
eniqs,eniq_oss_1,/bin/bash,23240,00:00:00,2022-09-18,2022,9,18,1,2022-09-18 01:00:00.0,0,15MIN,13,19,15,LOADED,,eniq_oss_1,+0100,0,2022-09-18 00:00:00.0,1,0E-8,111.00000000,0,2.00000000
eniqs,eniq_oss_1,/bin/sh,23243,00:00:00,2022-09-18,2022,9,18,1,2022-09-18 01:00:00.0,0,15MIN,13,19,15,LOADED,,eniq_oss_1,+0100,0,2022-09-18 00:00:00.0,1,0E-8,110.00000000,0,1.00000000
eniqs,eniq_oss_1,/bin/bash,23244,00:00:00,2022-09-18,2022,9,18,1,2022-09-18 01:00:00.0,0,15MIN,13,19,15,LOADED,,eniq_oss_1,+0100,0,2022-09-18 00:00:00.0,1,0E-8,111.00000000,0,2.00000000
eniqs,eniq_oss_1,/bin/sh,23246,00:00:00,2022-09-18,2022,9,18,1,2022-09-18 01:00:00.0,0,15MIN,13,19,15,LOADED,,eniq_oss_1,+0100,0,2022-09-18 00:00:00.0,1,0E-8,110.00000000,3,1.00000000
eniqs,eniq_oss_1,/bin/bash,23250,00:00:00,2022-09-18,2022,9,18,1,2022-09-18 01:00:00.0,0,15MIN,13,19,15,LOADED,,eniq_oss_1,+0100,0,2022-09-18 00:00:00.0,1,0E-8,111.00000000,5,2.00000000
eniqs,eniq_oss_1,/bin/sh,23254,00:00:00,2022-09-18,2022,9,18,1,2022-09-18 01:00:00.0,0,15MIN,13,19,15,LOADED,,eniq_oss_1,+0100,0,2022-09-18 00:00:00.0,1,0E-8,110.00000000,3,1.00000000
eniqs,eniq_oss_1,/bin/sh,23255,00:00:00,2022-09-18,2022,9,18,1,2022-09-18 01:00:00.0,0,15MIN,13,19,15,LOADED,,eniq_oss_1,+0100,0,2022-09-18 00:00:00.0,1,0E-8,110.00000000,0,1.00000000
eniqs,eniq_oss_1,/bin/sh,23258,00:00:00,2022-09-18,2022,9,18,1,2022-09-18 01:00:00.0,0,15MIN,13,19,15,LOADED,,eniq_oss_1,+0100,0,2022-09-18 00:00:00.0,1,0E-8,110.00000000,0,1.00000000
eniqs,eniq_oss_1,/bin/sh,23259,00:00:00,2022-09-18,2022,9,18,1,2022-09-18 01:00:00.0,0,15MIN,13,19,15,LOADED,,eniq_oss_1,+0100,0,2022-09-18 00:00:00.0,1,0E-8,110.00000000,4,1.00000000
eniqs,eniq_oss_1,/usr/bin/ssh,23260,00:00:00,2022-09-18,2022,9,18,1,2022-09-18 01:00:00.0,0,15MIN,13,19,15,LOADED,,eniq_oss_1,+0100,0,2022-09-18 00:00:00.0,1,0E-8,174.00000000,0,4.00000000
eniqs,eniq_oss_1,/bin/sh,23261,00:00:00,2022-09-18,2022,9,18,1,2022-09-18 01:00:00.0,0,15MIN,13,19,15,LOADED,,eniq_oss_1,+0100,0,2022-09-18 00:00:00.0,1,0E-8,110.00000000,3,1.00000000
eniqs,eniq_oss_1,/bin/sh,23263,00:00:00,2022-09-18,2022,9,18,1,2022-09-18 01:00:00.0,0,15MIN,13,19,15,LOADED,,eniq_oss_1,+0100,0,2022-09-18 00:00:00.0,1,0E-8,110.00000000,3,1.00000000
eniqs,eniq_oss_1,/bin/sh,23264,00:00:00,2022-09-18,2022,9,18,1,2022-09-18 01:00:00.0,0,15MIN,13,19,15,LOADED,,eniq_oss_1,+0100,0,2022-09-18 00:00:00.0,1,0E-8,110.00000000,3,1.00000000
eniqs,eniq_oss_1,/bin/sh,23267,00:00:00,2022-09-18,2022,9,18,1,2022-09-18 01:00:00.0,0,15MIN,13,19,15,LOADED,,eniq_oss_1,+0100,0,2022-09-18 00:00:00.0,1,0E-8,110.00000000,0,1.00000000
eniqs,eniq_oss_1,/bin/sh,23269,00:00:00,2022-09-18,2022,9,18,1,2022-09-18 01:00:00.0,0,15MIN,13,19,15,LOADED,,eniq_oss_1,+0100,0,2022-09-18 00:00:00.0,1,0E-8,110.00000000,3,1.00000000
eniqs,eniq_oss_1,/bin/sh,23272,00:00:00,2022-09-18,2022,9,18,1,2022-09-18 01:00:00.0,0,15MIN,13,19,15,LOADED,,eniq_oss_1,+0100,0,2022-09-18 00:00:00.0,1,0E-8,110.00000000,3,1.00000000
eniqs,eniq_oss_1,/bin/bash,23273,00:00:00,2022-09-18,2022,9,18,1,2022-09-18 01:00:00.0,0,15MIN,13,19,15,LOADED,,eniq_oss_1,+0100,0,2022-09-18 00:00:00.0,1,0E-8,110.00000000,0,1.00000000
eniqs,eniq_oss_1,/bin/bash,23274,00:00:00,2022-09-18,2022,9,18,1,2022-09-18 01:00:00.0,0,15MIN,13,19,15,LOADED,,eniq_oss_1,+0100,0,2022-09-18 00:00:00.0,1,0E-8,110.00000000,5,1.00000000
eniqs,eniq_oss_1,/usr/bin/bash,23277,00:00:00,2022-09-18,2022,9,18,1,2022-09-18 01:00:00.0,0,15MIN,13,19,15,LOADED,,eniq_oss_1,+0100,0,2022-09-18 00:00:00.0,1,0E-8,111.00000000,0,2.00000000
eniqs,eniq_oss_1,/bin/sh,23279,00:00:00,2022-09-18,2022,9,18,1,2022-09-18 01:00:00.0,0,15MIN,13,19,15,LOADED,,eniq_oss_1,+0100,0,2022-09-18 00:00:00.0,1,0E-8,110.00000000,3,1.00000000
eniqs,eniq_oss_1,/bin/bash,23284,00:00:00,2022-09-18,2022,9,18,1,2022-09-18 01:00:00.0,0,15MIN,13,19,15,LOADED,,eniq_oss_1,+0100,0,2022-09-18 00:00:00.0,1,0E-8,110.00000000,4,1.00000000
eniqs,eniq_oss_1,/usr/bin/su,23285,00:00:00,2022-09-18,2022,9,18,1,2022-09-18 01:00:00.0,0,15MIN,13,19,15,LOADED,,eniq_oss_1,+0100,0,2022-09-18 00:00:00.0,1,0E-8,187.00000000,6,2.00000000
eniqs,eniq_oss_1,/bin/bash,23287,00:00:00,2022-09-18,2022,9,18,1,2022-09-18 01:00:00.0,0,15MIN,13,19,15,LOADED,,eniq_oss_1,+0100,0,2022-09-18 00:00:00.0,1,0E-8,111.00000000,5,2.00000000
eniqs,eniq_oss_1,/hardute/bin/hardute,23294,00:00:00,2022-09-18,2022,9,18,1,2022-09-18 01:00:00.0,0,15MIN,13,19,15,LOADED,,eniq_oss_1,+0100,0,2022-09-18 00:00:00.0,1,0E-8,4.00000000,5,0E-8
eniqs,eniq_oss_1,/hardute/bin/hardute,23299,00:00:00,2022-09-18,2022,9,18,1,2022-09-18 01:00:00.0,0,15MIN,13,19,15,LOADED,,eniq_oss_1,+0100,0,2022-09-18 00:00:00.0,1,0E-8,4.00000000,5,0E-8
eniqs,eniq_oss_1,/usr/bin/bash,23301,00:00:00,2022-09-18,2022,9,18,1,2022-09-18 01:00:00.0,0,15MIN,13,19,15,LOADED,,eniq_oss_1,+0100,0,2022-09-18 00:00:00.0,1,0E-8,111.00000000,4,2.00000000
eniqs,eniq_oss_1,/usr/bin/su,23312,00:00:00,2022-09-18,2022,9,18,1,2022-09-18 01:00:00.0,0,15MIN,13,19,15,LOADED,,eniq_oss_1,+0100,0,2022-09-18 00:00:00.0,1,0E-8,187.00000000,6,2.00000000
eniqs,eniq_oss_1,sshd:,23319,00:00:00,2022-09-18,2022,9,18,1,2022-09-18 01:00:00.0,0,15MIN,13,19,15,LOADED,,eniq_oss_1,+0100,0,2022-09-18 00:00:00.0,1,0E-8,150.00000000,0,4.00000000
eniqs,eniq_oss_1,sshd:,23341,00:00:00,2022-09-18,2022,9,18,1,2022-09-18 01:00:00.0,0,15MIN,13,19,15,LOADED,,eniq_oss_1,+0100,0,2022-09-18 00:00:00.0,1,0E-8,114.00000000,0,2.00000000
eniqs,eniq_oss_1,-bash,23358,00:00:00,2022-09-18,2022,9,18,1,2022-09-18 01:00:00.0,0,15MIN,13,19,15,LOADED,,eniq_oss_1,+0100,0,2022-09-18 00:00:00.0,1,0E-8,112.00000000,4,1.00000000
eniqs,eniq_oss_1,-bash,23366,00:00:00,2022-09-18,2022,9,18,1,2022-09-18 01:00:00.0,0,15MIN,13,19,15,LOADED,,eniq_oss_1,+0100,0,2022-09-18 00:00:00.0,1,0E-8,112.00000000,5,1.00000000
eniqs,eniq_oss_1,df,23413,00:00:00,2022-09-18,2022,9,18,1,2022-09-18 01:00:00.0,0,15MIN,13,19,15,LOADED,,eniq_oss_1,+0100,0,2022-09-18 00:00:00.0,1,0E-8,105.00000000,0,0E-8
eniqs,eniq_oss_1,/bin/bash,23458,00:00:00,2022-09-18,2022,9,18,1,2022-09-18 01:00:00.0,0,15MIN,13,19,15,LOADED,,eniq_oss_1,+0100,0,2022-09-18 00:00:00.0,1,0E-8,111.00000000,0,1.00000000
eniqs,eniq_oss_1,ps,23475,00:00:00,2022-09-18,2022,9,18,1,2022-09-18 01:00:00.0,0,15MIN,13,19,15,LOADED,,eniq_oss_1,+0100,0,2022-09-18 00:00:00.0,1,0E-8,149.00000000,0,1.00000000
eniqs,eniq_oss_1,/bin/sh,23481,00:00:00,2022-09-18,2022,9,18,1,2022-09-18 01:00:00.0,0,15MIN,13,19,15,LOADED,,eniq_oss_1,+0100,0,2022-09-18 00:00:00.0,1,0E-8,9.00000000,0,0E-8
eniqs,eniq_oss_1,/bin/bash,23487,00:00:00,2022-09-18,2022,9,18,1,2022-09-18 01:00:00.0,0,15MIN,13,19,15,LOADED,,eniq_oss_1,+0100,0,2022-09-18 00:00:00.0,1,0E-8,111.00000000,0,1.00000000
eniqs,eniq_oss_1,[kworker/1:0],24736,00:00:00,2022-09-18,2022,9,18,1,2022-09-18 01:00:00.0,0,15MIN,13,19,15,LOADED,,eniq_oss_1,+0100,0,2022-09-18 00:00:00.0,1,0E-8,0E-8,0,0E-8
eniqs,eniq_oss_1,/eniq/sql_anywhere/bin64/db,25224,00:44:56,2022-09-18,2022,9,18,1,2022-09-18 01:00:00.0,0,15MIN,13,19,15,LOADED,,eniq_oss_1,+0100,0,2022-09-18 00:00:00.0,34,4.70000000,87670.00000000,22,510.00000000
eniqs,eniq_oss_1,[kworker/2:0],25898,00:00:00,2022-09-18,2022,9,18,1,2022-09-18 01:00:00.0,0,15MIN,13,19,15,LOADED,,eniq_oss_1,+0100,0,2022-09-18 00:00:00.0,1,0E-8,0E-8,0,0E-8
eniqs,eniq_oss_1,[dio/dm-4],26618,00:00:00,2022-09-18,2022,9,18,1,2022-09-18 01:00:00.0,0,15MIN,13,19,15,LOADED,,eniq_oss_1,+0100,0,2022-09-18 00:00:00.0,1,0E-8,0E-8,0,0E-8
eniqs,eniq_oss_1,pickup,27232,00:00:00,2022-09-18,2022,9,18,1,2022-09-18 01:00:00.0,0,15MIN,13,19,15,LOADED,,eniq_oss_1,+0100,0,2022-09-18 00:00:00.0,1,0E-8,87.00000000,12,3.00000000
eniqs,eniq_oss_1,[kworker/0:2],27906,00:00:00,2022-09-18,2022,9,18,1,2022-09-18 01:00:00.0,0,15MIN,13,19,15,LOADED,,eniq_oss_1,+0100,0,2022-09-18 00:00:00.0,1,0E-8,0E-8,0,0E-8
eniqs,eniq_oss_1,[kworker/2:1],29066,00:00:00,2022-09-18,2022,9,18,1,2022-09-18 01:00:00.0,0,15MIN,13,19,15,LOADED,,eniq_oss_1,+0100,0,2022-09-18 00:00:00.0,1,0E-8,0E-8,0,0E-8
eniqs,eniq_oss_1,[kworker/1:1],29336,00:00:00,2022-09-18,2022,9,18,1,2022-09-18 01:00:00.0,0,15MIN,13,19,15,LOADED,,eniq_oss_1,+0100,0,2022-09-18 00:00:00.0,1,0E-8,0E-8,0,0E-8
eniqs,eniq_oss_1,[kworker/3:1],29776,00:00:00,2022-09-18,2022,9,18,1,2022-09-18 01:00:00.0,0,15MIN,13,19,15,LOADED,,eniq_oss_1,+0100,0,2022-09-18 00:00:00.0,1,0E-8,0E-8,0,0E-8
eniqs,eniq_oss_1,[kworker/u12:1],29883,00:00:01,2022-09-18,2022,9,18,1,2022-09-18 01:00:00.0,0,15MIN,13,19,15,LOADED,,eniq_oss_1,+0100,0,2022-09-18 00:00:00.0,1,0E-8,0E-8,0,0E-8
eniqs,eniq_oss_1,[kworker/0:2H],31137,00:00:00,2022-09-18,2022,9,18,1,2022-09-18 01:00:00.0,0,15MIN,13,19,15,LOADED,,eniq_oss_1,+0100,0,2022-09-18 00:00:00.0,1,0E-8,0E-8,0,0E-8
